{
  "layout": "theme.prelaunch",
  "sections": {
    "header": {
      "type": "header",
      "settings": {
        "logo_text": "AAEL",
        "collection_text": "C24",
        "right_button_text": "Let me know",
        "right_button_link": "#newsletter-form"
      }
    },
    "hero": {
      "type": "hero-lead",
      "settings": {
        "hero_text": "AAEL creates limited series of interior artifacts primarily out of metal.",
        "max_width": 800,
        "padding_top": 40,
        "padding_bottom": 64
      }
    },
    "hero-carousel": {
      "type": "hero-carousel",
      "blocks": {
        "slide-1": {
          "type": "slide",
          "settings": {
            "image_light_url": "https://i.ibb.co/Cs6f5Wmv/day-Camera-9.webp",
            "image_dark_url": "https://i.ibb.co/Z1MvPn04/day-Camera-9n.webp",
            "alt_text": "AMO Desk Lamp",
            "align_horizontal": "center",
            "align_vertical": "center"
          }
        },
        "slide-2": {
          "type": "slide",
          "settings": {
            "image_light_url": "https://i.ibb.co/twB9kNWh/day-Camera-5.webp",
            "image_dark_url": "https://i.ibb.co/J0fBQwn/day-Camera-5n.webp",
            "alt_text": "AMO Desk Lamp",
            "align_horizontal": "center",
            "align_vertical": "center"
          }
        },
        "slide-3": {
          "type": "slide",
          "settings": {
            "image_light_url": "https://i.ibb.co/pr91svry/day-Camera-4.webp",
            "image_dark_url": "https://i.ibb.co/MD5DSRgr/day-Camera-4n.webp",
            "alt_text": "AMO Desk Lamp",
            "align_horizontal": "center",
            "align_vertical": "center"
          }
        },
        "slide-4": {
          "type": "slide",
          "settings": {
            "image_light_url": "https://i.ibb.co/ymnQdQ7M/day-Camera-3.webp",
            "image_dark_url": "https://i.ibb.co/LzgwXsgM/day-Camera-3n.webp",
            "alt_text": "AMO Desk Lamp",
            "align_horizontal": "center",
            "align_vertical": "center"
          }
        },
        "slide-5": {
          "type": "slide",
          "settings": {
            "image_light_url": "https://i.ibb.co/Q725pN0W/day-Camera-2.webp",
            "image_dark_url": "https://i.ibb.co/JW9VjLKj/day-Camera-2n.webp",
            "alt_text": "AMO Desk Lamp",
            "align_horizontal": "center",
            "align_vertical": "center"
          }
        }
      },
      "block_order": ["slide-1", "slide-2", "slide-3", "slide-4", "slide-5"],
      "settings": {
        "max_width": 1920,
        "slide_timings": "12000,6000",
        "padding_bottom": 80
      }
    },
    "newsletter": {
      "type": "newsletter",
      "settings": {
        "newsletter_title": "Let me know when AMO is available",
        "padding_bottom": 80
      }
    },
    "footer": {
      "type": "footer",
      "blocks": {
        "link-1": {
          "type": "link",
          "settings": {
            "label": "ABOUT",
            "link": "/pages/about"
          }
        },
        "link-2": {
          "type": "link",
          "settings": {
            "label": "INSTA",
            "link": "https://instagram.com",
            "open_new_tab": true
          }
        }
      },
      "block_order": ["link-1", "link-2"],
      "settings": {
        "logo_text": "AAEL",
        "collection_text": "C24",
        "padding_top": 24,
        "padding_bottom": 24
      }
    }
  },
  "order": [
    "header",
    "hero",
    "hero-carousel",
    "newsletter",
    "footer"
  ]
}
