{
  "sections": {
    "header": {
      "type": "header",
      "settings": {
        "logo_text": "AAEL",
        "collection_text": "C24",
        "show_bag": true
      }
    },
    "hero": {
      "type": "hero-lead",
      "settings": {
        "hero_text": "Get in touch",
        "max_width": 600,
        "padding_top": 40,
        "padding_bottom": 40
      }
    },
    "main": {
      "type": "page-content",
      "settings": {
        "show_title": false,
        "max_width": 800,
        "padding_top": 40,
        "padding_bottom": 40
      }
    },
    "newsletter": {
      "type": "newsletter",
      "settings": {
        "newsletter_title": "Subscribe to updates",
        "padding_bottom": 120
      }
    },
    "footer": {
      "type": "footer",
      "blocks": {
        "link-1": {
          "type": "link",
          "settings": {
            "label": "ABOUT",
            "link": "/pages/about"
          }
        },
        "link-2": {
          "type": "link",
          "settings": {
            "label": "INSTA",
            "link": "https://instagram.com",
            "open_new_tab": true
          }
        }
      },
      "block_order": ["link-1", "link-2"],
      "settings": {
        "logo_text": "AAEL",
        "collection_text": "C24",
        "padding_top": 24,
        "padding_bottom": 24
      }
    }
  },
  "order": [
    "header",
    "hero",
    "main",
    "newsletter",
    "footer"
  ]
}
